delta,snum,s_topic,description,document_url,s_creator_user_id,s_code_language,env_kind,s_content_type,code_url,code_identifier,product_url,product_image_url,is_runnable,is_deployable,is_docker,s_updated_yyyy,s_updated_mm,updated_day,yyyy_mm_dd
-,Dw-We1,Web Apps,What are web applications? Different types of web apps? Tools available,https://www.ibm.com/developerworks/web/newto/,9999,js,nodejs:6,HTML text ,https://www.ibm.com/developerworks/web/newto/,New to Web Development,,,,,,2017,6,27,2017_06_27
-,Dw-We2,Web Apps,Hands on: Creating web applications using eclipse and tomcat,https://www.ibm.com/developerworks/library/os-eclipse-tomcat/index.html,10000,js,nodejs:7,HTML text,https://www.ibm.com/developerworks/library/os-eclipse-tomcat/index.html,Developing Web applications with Tomcat and Eclipse,,,,,,2017,6,27,2017_06_28
-,Rb-We1,Web Apps,hands on labs and rational models ,http://www.redbooks.ibm.com/abstracts/redp4880.html?Open,10001,js,nodejs:8,PDF,http://www.redbooks.ibm.com/abstracts/redp4880.html?Open,Developing Web Applications using JavaServer Pages and Servlets,,,,,,2017,6,27,2017_06_29
-,Rb-We2,Web Apps,JSF & JSP ,http://www.redbooks.ibm.com/abstracts/redp4883.html?Open,10002,js,nodejs:9,PDF,http://www.redbooks.ibm.com/abstracts/redp4883.html?Open,Developing Web Applications using JavaServer Faces,,,,,,2017,6,27,2017_06_30
-,Rb-We3,Web Apps,Section 2.2 for explaining web apps,http://www.redbooks.ibm.com/abstracts/sg247835.html?Open,10003,js,nodejs:10,PDF,http://www.redbooks.ibm.com/abstracts/sg247835.html?Open,Rational Application Developer V8 Programming Guide,,,,,,2017,6,27,2017_06_31
-,Dw-We3,Web Apps,Whole file on css,https://www.ibm.com/developerworks/library/wa-getstartedcss/,10004,js,nodejs:11,PDF,https://www.ibm.com/developerworks/library/wa-getstartedcss/,Get started with CSS,,,,,,2017,6,27,2017_06_32
-,Rb-We4,Web Apps,"Chapter 15. HTML, CSS, and JavaScript",http://www.redbooks.ibm.com/abstracts/sg248185.html?Open,10005,js,nodejs:12,PDF,http://www.redbooks.ibm.com/abstracts/sg248185.html?Open,Modernizing IBM i Applications from the Database up to the User Interface and Everything in Between,,,,,,2017,6,27,2017_06_33
-,Dw-We4,Web Apps,Explains web services,https://www.ibm.com/developerworks/webservices/newto/service.html,10006,js,nodejs:13,HTML text,https://www.ibm.com/developerworks/webservices/newto/service.html,New to SOA and web services,,,,,,2017,6,27,2017_06_34
-,Dw-We5,Web Apps,Explains web services and its architecture,https://www.ibm.com/developerworks/library/w-ovr/,10007,js,nodejs:14,PDF,https://www.ibm.com/developerworks/library/w-ovr/,Web Services architecture overview,,,,,,2017,6,27,2017_06_35
-,Rb-We5,Web Apps,Chapter 1 & 2,http://www.redbooks.ibm.com/abstracts/sg247257.html?Open,10008,js,nodejs:15,PDF,http://www.redbooks.ibm.com/abstracts/sg247257.html?Open,Web Services Handbook for WebSphere Application Server 6.1,,,,,,2017,6,27,2017_06_36
-,Rb-We6,Web Apps,Chapter 4 ,http://www.redbooks.ibm.com/abstracts/sg246395.html?Open,10009,js,nodejs:16,PDF,http://www.redbooks.ibm.com/abstracts/sg246395.html?Open,WebSphere and .Net  Interoperability   Using Web Services,,,,,,2017,6,27,2017_06_37
-,Rb-We7,Web Apps,Chapter 3 for labs,http://www.redbooks.ibm.com/abstracts/sg247297.html?Open,10010,js,nodejs:17,PDF,http://www.redbooks.ibm.com/abstracts/sg247297.html?Open,Experience J2EE! Using WebSphere Application Server V6.1,,,,,,2017,6,27,2017_06_38
-,Rb-We8,Web Apps,"For explanations in web services, labs, and java skill",http://www.redbooks.ibm.com/abstracts/sg247672.html?Open,10011,js,nodejs:18,PDF,http://www.redbooks.ibm.com/abstracts/sg247672.html?Open,Rational Application Developer V7.5 Programming Guide,,,,,,2017,6,27,2017_06_39
-,Dw-We6,Web Apps,Explains JavaScipt in 7 parts,https://www.ibm.com/developerworks/library/wa-javascriptstart/index.html,10012,js,nodejs:19,PDF,https://www.ibm.com/developerworks/library/wa-javascriptstart/index.html,Get started with the JavaScript language,,,,,,2017,6,27,2017_06_40
-,Sa-We1,Web Apps,Course 2,http://ibm.biz/ibmskillsacademy,10013,js,nodejs:20,PDF,http://ibm.biz/ibmskillsacademy,Module 2 ,,,,,,2017,6,27,2017_06_41
-,Dw-We7,Web Apps,"Overview of Eclipse, creating projects  & plug ins",https://www.ibm.com/developerworks/library/os-ecov/,10014,js,nodejs:21,PDF,https://www.ibm.com/developerworks/library/os-ecov/,Getting started with the Eclipse Platform,,,,,,2017,6,27,2017_06_42
-,Rb-We9,Web Apps,1.1.2 & 23.2.3,http://www.redbooks.ibm.com/abstracts/sg247835.html?Open,10015,js,nodejs:22,PDF,http://www.redbooks.ibm.com/abstracts/sg247835.html?Open,Rational Application Developer V8 Programming Guide,,,,,,2017,6,27,2017_06_43
-,Rb-We10,Web Apps,Taking basic content from every section,http://www.redbooks.ibm.com/abstracts/sg246302.html?Open,10016,js,nodejs:23,PDF,http://www.redbooks.ibm.com/abstracts/sg246302.html?Open,Eclipse Development using the Graphical Editing Framework and the Eclipse Modeling Framework,,,,,,2017,6,27,2017_06_44
-,Dw-We21,Web Apps,Lab Material in eclipse + WebSphere  ,https://developer.ibm.com/wasdev/docs/developing-applications-wdt-liberty-profile/,10017,js,nodejs:24,PDF,https://developer.ibm.com/wasdev/docs/developing-applications-wdt-liberty-profile/,Get started with a Hello World app on Liberty using WebSphere Developer Tools for Eclipse,,,,,,2017,6,27,2017_06_45
-,Rb-We11,Web Apps,Few sections can be used for labs,http://www.redbooks.ibm.com/abstracts/sg247835.html?Open,10018,js,nodejs:25,PDF,http://www.redbooks.ibm.com/abstracts/sg247835.html?Open,Rational Application Developer V8 Programming Guide,,,,,,2017,6,27,2017_06_46
-,Dw-We8,Web Apps,"""What is JSON?"" section explains JSON breifly",https://www.ibm.com/developerworks/library/wa-jsoncontroller/index.html,10019,js,nodejs:26,PDF,https://www.ibm.com/developerworks/library/wa-jsoncontroller/index.html,Build a simple JSON controller for your web project,,,,,,2017,6,27,2017_06_47
-,Dw-We20,Web Apps,Blog explains json briefly,https://developer.ibm.com/dwblog/2017/introduction-json-document-stores-supported-values-cloudant/,10020,js,nodejs:27,HTML,https://developer.ibm.com/dwblog/2017/introduction-json-document-stores-supported-values-cloudant/,"A brief introduction to JSON, document stores and supported values",,,,,,2017,6,27,2017_06_48
-,Rb-We12,Web Apps,5.10 - 5.13,http://www.redbooks.ibm.com/abstracts/sg248374.html?Open,10021,js,nodejs:28,PDF,http://www.redbooks.ibm.com/abstracts/sg248374.html?Open,Essentials of Cloud Application Development on IBM Bluemix,,,,,,2017,6,27,2017_06_49
-,Rb-We13,Web Apps,JSON Section ,http://www.redbooks.ibm.com/abstracts/redp5376.html?Open,10022,js,nodejs:29,PDF,http://www.redbooks.ibm.com/abstracts/redp5376.html?Open,Building an Enterprise API Strategy,,,,,,2017,6,27,2017_06_50
-,Rb-We14,Web Apps,Chapter 3,http://www.redbooks.ibm.com/abstracts/redp5126.html?Open,10023,js,nodejs:30,PDF,http://www.redbooks.ibm.com/abstracts/redp5126.html?Open,IBM Cloudant:  Database as a Service Fundamentals,,,,,,2017,6,27,2017_06_51
-,Rb-We15,Web Apps,Chapter 11 for lab,http://www.redbooks.ibm.com/abstracts/sg248161.html?Open,10024,js,nodejs:31,PDF,http://www.redbooks.ibm.com/abstracts/sg248161.html?Open,Implementing IBM CICS JSON Web Services for Mobile Applications,,,,,,2017,6,27,2017_06_52
-,Rb-We16,Web Apps,5.5 and 7.3,http://www.redbooks.ibm.com/abstracts/sg247635.html?Open,10025,js,nodejs:32,PDF,http://www.redbooks.ibm.com/abstracts/sg247635.html?Open,Building Dynamic Ajax Applications Using WebSphere Feature Pack for Web 2.0,,,,,,2017,6,27,2017_06_53
-,Rb-We17,Web Apps,Chapter 3,http://www.redbooks.ibm.com/abstracts/redp5126.html?Open,10026,js,nodejs:33,PDF,http://www.redbooks.ibm.com/abstracts/redp5126.html?Open,IBM Cloudant:  Database as a Service Fundamentals,,,,,,2017,6,27,2017_06_54
-,Dw-We9,Web Apps,Explains APIs in detail,https://www.ibm.com/developerworks/community/wikis/form/anonymous/api/wiki/f731037e-c0cf-436e-88b5-862b9a6597c3/page/c4e639bd-17c3-4db7-b3f0-78d60d12b189/attachment/465bc11a-300e-4e5b-a25b-6861af67dec4/media/b_api.pdf,10027,js,nodejs:34,PDF,https://www.ibm.com/developerworks/community/wikis/form/anonymous/api/wiki/f731037e-c0cf-436e-88b5-862b9a6597c3/page/c4e639bd-17c3-4db7-b3f0-78d60d12b189/attachment/465bc11a-300e-4e5b-a25b-6861af67dec4/media/b_api.pdf,Using the Application programmable Interface,,,,,,2017,6,27,2017_06_55
-,Rb-We18,Web Apps,Section 2.1,http://www.redbooks.ibm.com/abstracts/redp5319.html?Open,10028,js,nodejs:35,PDF,http://www.redbooks.ibm.com/abstracts/redp5319.html?Open,IBM z Systems Integration Guide for the Hybrid Cloud and API Economy,,,,,,2017,6,27,2017_06_56
-,Rb-We19,Web Apps,Chapter 1,http://www.redbooks.ibm.com/abstracts/redp5349.html?Open,10029,js,nodejs:36,PDF,http://www.redbooks.ibm.com/abstracts/redp5349.html?Open,Getting Started with IBM API Connect: Concepts and Architecture Guide,,,,,,2017,6,27,2017_06_57
-,Rb-We20,Web Apps,Chapter 8,http://www.redbooks.ibm.com/abstracts/sg248188.html?Open,10030,js,nodejs:37,PDF,http://www.redbooks.ibm.com/abstracts/sg248188.html?Open,Integration Throughout and Beyond the Enterprise,,,,,,2017,6,27,2017_06_58
-,Dw-We10,Web Apps,Java language basics,https://www.ibm.com/developerworks/java/tutorials/j-introtojava1/index.html,10031,js,nodejs:38,HTML,https://www.ibm.com/developerworks/java/tutorials/j-introtojava1/index.html,Introduction to Java programming,,,,,,2017,6,27,2017_06_59
-,Rb-We21,Web Apps,Chapter 7 for labs,http://www.redbooks.ibm.com/abstracts/sg247835.html?Open,10032,js,nodejs:39,PDF,http://www.redbooks.ibm.com/abstracts/sg247835.html?Open,Rational Application Developer V8 Programming Guide,,,,,,2017,6,27,2017_06_60
-,Rb-We22,Web Apps,Chapter 1.6 ,http://www.redbooks.ibm.com/abstracts/sg248076.html?Open,10033,js,nodejs:40,PDF,http://www.redbooks.ibm.com/abstracts/sg248076.html?Open,IBM WebSphere Application Server Liberty Profile Guide for Developers,,,,,,2017,6,27,2017_06_61
-,Dw-We11,Web Apps,Introduction to Ajax,https://www.ibm.com/developerworks/library/wa-ajaxintro1/index.html,10034,js,nodejs:41,PDF,https://www.ibm.com/developerworks/library/wa-ajaxintro1/index.html,Mastering Ajax,,,,,,2017,6,27,2017_06_62
-,Rb-We23,Web Apps,Defination of AJAX,http://www.redbooks.ibm.com/abstracts/sg247635.html?Open,10035,js,nodejs:42,PDF,http://www.redbooks.ibm.com/abstracts/sg247635.html?Open,Building Dynamic Ajax Applications Using WebSphere Feature Pack for Web 2.0,,,,,,2017,6,27,2017_06_63
-,Sa-We2,Web Apps,Course 3,http://ibm.biz/ibmskillsacademy,10036,js,nodejs:43,PDF,http://ibm.biz/ibmskillsacademy,Module 2 ,,,,,,2017,6,27,2017_06_64
-,Dw-We22,Web Apps,Tutorial:Build Web-based book order application using AJAX,https://www.ibm.com/developerworks/web/tutorials/wa-ajax/index.html,10037,js,nodejs:44,PDF,https://www.ibm.com/developerworks/web/tutorials/wa-ajax/index.html,Build apps using Asynchronous JavaScript with XML (Ajax),,,,,,2017,6,27,2017_06_65
-,Sa-We3,Web Apps,Course 1,http://ibm.biz/ibmskillsacademy,10038,js,nodejs:45,PDF,http://ibm.biz/ibmskillsacademy,Module 2 ,,,,,,2017,6,27,2017_06_66
-,Dw-We12,Web Apps,"Explains the architecture in the ""Be Stateless"" section",https://www.ibm.com/developerworks/library/ws-restful/index.html,10039,js,nodejs:46,PDF,https://www.ibm.com/developerworks/library/ws-restful/index.html,RESTful Web services,,,,,,2017,6,27,2017_06_67
-,Dw-We13,Web Apps,Includes HTML and XML examples,https://www.ibm.com/developerworks/library/ws-restful/index.html,10040,js,nodejs:47,PDF,https://www.ibm.com/developerworks/library/ws-restful/index.html,RESTful Web services,,,,,,2017,6,27,2017_06_68
-,Dw-We14,Web Apps,Lab showing how to create and test new REST services,https://developer.ibm.com/integration/docs/ibm-integration-bus/self-study-labs/iib10-lab-2-developing-a-rest-api-service/,10041,js,nodejs:48,PDF,https://developer.ibm.com/integration/docs/ibm-integration-bus/self-study-labs/iib10-lab-2-developing-a-rest-api-service/,[iib10] Lab 2: Developing a REST API service,,,,,,2017,6,27,2017_06_69
-,Rb-We24,Web Apps,Section 2.2,http://www.redbooks.ibm.com/abstracts/redp5319.html?Open,10042,js,nodejs:49,PDF,http://www.redbooks.ibm.com/abstracts/redp5319.html?Open,IBM z Systems Integration Guide for the Hybrid Cloud and API Economy,,,,,,2017,6,27,2017_06_70
-,Rb-We25,Web Apps,Unit 5,http://www.redbooks.ibm.com/abstracts/sg248374.html?Open,10043,js,nodejs:50,PDF,http://www.redbooks.ibm.com/abstracts/sg248374.html?Open,Essentials of Cloud Application Development on IBM Bluemix,,,,,,2017,6,27,2017_06_71
-,Rb-We26,Web Apps,Basic Restful API explanation,http://www.redbooks.ibm.com/abstracts/redp5187.html?Open,10044,js,nodejs:51,PDF,http://www.redbooks.ibm.com/abstracts/redp5187.html?Open,Exploring the DS8870 RESTful API Implementation,,,,,,2017,6,27,2017_06_72
-,Dw-We15,Web Apps,Detailed explanation of Git,https://www.ibm.com/developerworks/community/files/basic/anonymous/api/library/279d856a-7a98-47d0-ae3d-c71bb21823fa/document/180f2b30-4b3a-4f74-98f9-4a2bc099c619/media/progit-en.651.pdf,10045,js,nodejs:52,PDF,https://www.ibm.com/developerworks/community/files/basic/anonymous/api/library/279d856a-7a98-47d0-ae3d-c71bb21823fa/document/180f2b30-4b3a-4f74-98f9-4a2bc099c619/media/progit-en.651.pdf,Pro GIT,,,,,,2017,6,27,2017_06_73
-,Dw-We16,Web Apps,How git works ,https://www.ibm.com/developerworks/library/d-learn-workings-git/index.html,10046,js,nodejs:53,PDF,https://www.ibm.com/developerworks/library/d-learn-workings-git/index.html,"Learn the workings of Git, not just the commands",,,,,,2017,6,27,2017_06_74
-,Rb-We27,Web Apps,Section 4.4.1,http://www.redbooks.ibm.com/abstracts/sg248391.html?Open,10047,js,nodejs:54,PDF,http://www.redbooks.ibm.com/abstracts/sg248391.html?Open,Building Cognitive Applications with IBM Watson Services: Volume 4 Natural Language Classifier,,,,,,2017,6,27,2017_06_75
-,Rb-We28,Web Apps,Section 4.16,http://www.redbooks.ibm.com/abstracts/sg248374.html?Open,10048,js,nodejs:55,PDF,http://www.redbooks.ibm.com/abstracts/sg248374.html?Open,Essentials of Cloud Application Development on IBM Bluemix,,,,,,2017,6,27,2017_06_76
-,Dw-We17,Web Apps,Detailed Web Application Security,https://www.ibm.com/developerworks/community/files/basic/anonymous/api/library/5e6b59bc-812e-4b56-9b2a-75f6a8e6bde1/document/ad02b65e-13cb-49f9-a45a-4175219d1eaa/media ,10049,js,nodejs:56,PDF,https://www.ibm.com/developerworks/community/files/basic/anonymous/api/library/5e6b59bc-812e-4b56-9b2a-75f6a8e6bde1/document/ad02b65e-13cb-49f9-a45a-4175219d1eaa/media ,Essentials of Web Application Security V2.0,,,,,,2017,6,27,2017_06_77
-,Rb-We29,Web Apps,Chapter 1 & 3,http://www.redbooks.ibm.com/abstracts/redp4081.html?Open,10050,js,nodejs:57,PDF,http://www.redbooks.ibm.com/abstracts/redp4081.html?Open,WebFacing and Single Sign-on: Exploiting Identity Tokens in Multi-Tier Web Applications,,,,,,2017,6,27,2017_06_78
-,Rb-We30,Web Apps,Everything before IBM rational AppScan,http://www.redbooks.ibm.com/abstracts/redp4530.html?Open,10051,js,nodejs:58,PDF,http://www.redbooks.ibm.com/abstracts/redp4530.html?Open,Improving Your Web Application Software  Development Life Cycle's Security Posture with IBM Rational AppScan,,,,,,2017,6,27,2017_06_79
-,Rb-We31,Web Apps,Chapter 2 & 3,http://www.redbooks.ibm.com/abstracts/sg245756.html?Open,10052,js,nodejs:59,PDF,http://www.redbooks.ibm.com/abstracts/sg245756.html?Open,Securing Access to CICS Within an SOA,,,,,,2017,6,27,2017_06_80
-,Rb-We32,Web Apps,Chapter 2,http://www.redbooks.ibm.com/abstracts/sg246086.html?Open,10053,js,nodejs:60,PDF,http://www.redbooks.ibm.com/abstracts/sg246086.html?Open,WebSphere Application Server for z/OS V5 and J2EE 1.3 Security Handbook,,,,,,2017,6,27,2017_06_81
-,Rb-We33,Web Apps,"Chapter 6,7 & 8. 7 can be used for labs",http://www.redbooks.ibm.com/abstracts/sg246316.html?Open,10054,js,nodejs:61,PDF,http://www.redbooks.ibm.com/abstracts/sg246316.html?Open,IBM WebSphere Application Server V6.1 Security Handbook,,,,,,2017,6,27,2017_06_82
-,Rb-We34,Web Apps,"Intro to chapter 7,  chap 3 & 4",http://www.redbooks.ibm.com/abstracts/sg247384.html?Open,10055,js,nodejs:62,PDF,http://www.redbooks.ibm.com/abstracts/sg247384.html?Open,Security in WebSphere Application Server V6.1 and J2EE 1.4 on z/OS,,,,,,2017,6,27,2017_06_83
-,Rb-We35,Web Apps,Intro to chapter 3,http://www.redbooks.ibm.com/abstracts/sg247658.html?Open,10056,js,nodejs:63,PDF,http://www.redbooks.ibm.com/abstracts/sg247658.html?Open,Securing CICS Web Services,,,,,,2017,6,27,2017_06_84
-,Rb-We36,Web Apps,Most of the explanations without websphere,http://www.redbooks.ibm.com/abstracts/sg247660.html?Open,10057,js,nodejs:64,PDF,http://www.redbooks.ibm.com/abstracts/sg247660.html?Open,WebSphere Application Server V7.0 Security Guide,,,,,,2017,6,27,2017_06_85
-,Dw-We18,Web Apps,Has 4 parts,https://www.ibm.com/developerworks/library/wa-html5fundamentals/index.html ,10058,js,nodejs:65,HTML,https://www.ibm.com/developerworks/library/wa-html5fundamentals/index.html ,HTML5 fundamentals,,,,,,2017,6,27,2017_06_86
-,Sa-We4,Web Apps,Course 2,http://ibm.biz/ibmskillsacademy,10059,js,nodejs:66,PDF,http://ibm.biz/ibmskillsacademy,Module 2 ,,,,,,2017,6,27,2017_06_87
-,Dw-We19,Web Apps,Hands on - Introduction to CLI,"https://www.ibm.com/developerworks/community/forums/atom/download/IBM%20Security%20Directory%20Suite80_Part3_Introduction%20to%20CLI,%20Ad.pdf?nodeId=f51a3e5e-7d9f-4786-9f36-df94c514139c",10060,js,nodejs:67,PDF,"https://www.ibm.com/developerworks/community/forums/atom/download/IBM%20Security%20Directory%20Suite80_Part3_Introduction%20to%20CLI,%20Ad.pdf?nodeId=f51a3e5e-7d9f-4786-9f36-df94c514139c","IBM Security Directory Suite80 Part 3 Introduction to CLI, Overview, Administrative tasks",,,,,,2017,6,27,2017_06_88
-,Rb-Mo1,Mobile,"Good resource to learn about mobile security, however it is quite technical.",http://www.redbooks.ibm.com/abstracts/redp4957.html?Open,10062,js,nodejs:69,PDF,http://www.redbooks.ibm.com/abstracts/redp4957.html?Open,Securely Adopting Mobile Technology  Innovations for Your Enterprise Using IBM Security Solutions,,,,,,2017,6,27,2017_06_90
-,Rb-Mo2,Mobile,"Mainly focuses on IBM worklight, however, some sections provide general information about mobile computing.",http://www.redbooks.ibm.com/abstracts/sg248117.html?Open,10063,js,nodejs:70,PDF,http://www.redbooks.ibm.com/abstracts/sg248117.html?Open,Extending Your Business to Mobile Devices with IBM Worklight,,,,,,2017,6,27,2017_06_91
-,Rb-Mo3,Mobile,Only section 1.3 & 1.4 are relevant,http://www.redbooks.ibm.com/abstracts/sg248179.html?Open,10064,js,nodejs:71,PDF,http://www.redbooks.ibm.com/abstracts/sg248179.html?Open,Securing Your Mobile Business with IBM Worklight,,,,,,2017,6,27,2017_06_92
-,Sa-Mo5,Mobile,Course I - Mobile Overview ,http://ibm.biz/ibmskillsacademy,10065,js,nodejs:72,PDF,http://ibm.biz/ibmskillsacademy,Module I - Mobile Overview,,,,,,2017,6,27,2017_06_93
-,Sa-Mo4,Mobile,Course II - Mobile Applications Overview ,http://ibm.biz/ibmskillsacademy,10066,js,nodejs:73,PDF,http://ibm.biz/ibmskillsacademy,Module I - Mobile Overview,,,,,,2017,6,27,2017_06_94
-,Dw-Mo1,Mobile,First 3 paragraphs explains mobile computing and its limitations,https://www.ibm.com/developerworks/community/blogs/96960515-2ea1-4391-8170-b0515d08e4da/entry/mobile_computing_with_security?lang=en_vn,10067,js,nodejs:74,HTML,https://www.ibm.com/developerworks/community/blogs/96960515-2ea1-4391-8170-b0515d08e4da/entry/mobile_computing_with_security?lang=en_vn,Mobile Computing with Security,,,,,,2017,6,27,2017_06_95
-,Rb-Mo4,Mobile,Only Unit 5. is Relevant,http://www.redbooks.ibm.com/abstracts/sg248374.html?Open,10068,js,nodejs:75,PDF,http://www.redbooks.ibm.com/abstracts/sg248374.html?Open,Essentials of Cloud Application Development on IBM Bluemix,,,,,,2017,6,27,2017_06_96
-,Rb-Mo5,Mobile,Mostly theoretical,http://www.redbooks.ibm.com/abstracts/redp5136.html?Open,10069,js,nodejs:76,PDF,http://www.redbooks.ibm.com/abstracts/redp5136.html?Open,Extending SAP Solutions to the Mobile Enterprise with IBM MobileFirst Platform Foundation,,,,,,2017,6,27,2017_06_97
-,Rb-Mo6,Mobile,Provides good information regarding how to develop secure mobile applications.,http://www.redbooks.ibm.com/abstracts/redp5176.html?Open,10070,js,nodejs:77,PDF,http://www.redbooks.ibm.com/abstracts/redp5176.html?Open,Securing Your Mobile Mainframe,,,,,,2017,6,27,2017_06_98
-,Rb-Mo7,Mobile,Chapter 2 and Chapter 4 are Relevant,http://www.redbooks.ibm.com/abstracts/redp5255.html?Open,10071,js,nodejs:78,PDF,http://www.redbooks.ibm.com/abstracts/redp5255.html?Open,IBM Enterprise Content Management Mobile Application Implementation,,,,,,2017,6,27,2017_06_99
-,Rb-Mo8,Mobile,Only section 7.3 is relevant.,http://www.redbooks.ibm.com/abstracts/sg246315.html?Open,10072,js,nodejs:79,PDF,http://www.redbooks.ibm.com/abstracts/sg246315.html?Open,Patterns: Pervasive and Rich Device Access Solutions,,,,,,2017,6,27,2017_06_100
-,Rb-Mo9,Mobile,Section 5.3 has usefull information for JSON and XML,http://www.redbooks.ibm.com/abstracts/sg248225.html?Open,10073,js,nodejs:80,PDF,http://www.redbooks.ibm.com/abstracts/sg248225.html?Open,A Software Architect's Guide to New Java Workloads in IBM CICS Transaction Server,,,,,,2017,6,27,2017_06_101
-,Rb-Mo10,Mobile,"Chapters 5, 6, 9, 10, 12, 13, 15 and 16 are relavant to mobile app development. ",http://www.redbooks.ibm.com/abstracts/sg248185.html?Open,10074,js,nodejs:81,PDF,http://www.redbooks.ibm.com/abstracts/sg248185.html?Open,Modernizing IBM i Applications from the Database up to the User Interface and Everything in Between,,,,,,2017,6,27,2017_06_102
-,Dw-Mo2,Mobile,Android Development,https://www.ibm.com/developerworks/library/os-android-devel/index.html,10075,js,nodejs:82,PDF,https://www.ibm.com/developerworks/library/os-android-devel/index.html,Introduction to Android development,,,,,,2017,6,27,2017_06_103
-,Rb-Mo11,Mobile,Only Chapter 5 is relevant,http://www.redbooks.ibm.com/abstracts/sg247836.html?Open,10076,js,nodejs:83,PDF,http://www.redbooks.ibm.com/abstracts/sg247836.html?Open,System z on the Go:  Accessing z/OS from Smartphones,,,,,,2017,6,27,2017_06_104
-,Dw-Mo3,Mobile,Explains briefly about SDK in the introduction,https://www.ibm.com/developerworks/opensource/tutorials/os-eclipse-androidwidget/index.html,10077,js,nodejs:84,PDF,https://www.ibm.com/developerworks/opensource/tutorials/os-eclipse-androidwidget/index.html,Introduction to Android development Using Eclipse and Android widgets,,,,,,2017,6,27,2017_06_105
-,Dw-Mo4,Mobile,UI design for mobile web,https://www.ibm.com/developerworks/library/wa-interface/,10078,js,nodejs:85,PDF,https://www.ibm.com/developerworks/library/wa-interface/,User interface design for the mobile web,,,,,,2017,6,27,2017_06_106
-,Dw-Mo5,Mobile,Creating UI in Xcode,https://developer.ibm.com/courses/labs/create-ui-swift-xcode-dwc013/,10079,js,nodejs:86,HTML,https://developer.ibm.com/courses/labs/create-ui-swift-xcode-dwc013/,Create a UI in Swift and Xcode,,,,,,2017,6,27,2017_06_107
-,Dw-Mo6,Mobile,Has 3 parts,https://www.ibm.com/developerworks/library/wa-ground/,10080,js,nodejs:87,PDF + Zip of souce code,https://www.ibm.com/developerworks/library/wa-ground/,Getting started with Dojo development,,,,,,2017,6,27,2017_06_108
-,Sa-Mo2,Mobile,Course III - Developing Mobile Web applications with Dojo Mobile ,http://ibm.biz/ibmskillsacademy,10081,js,nodejs:88,PDF,http://ibm.biz/ibmskillsacademy,Module II - Mobile Development Foundations,,,,,,2017,6,27,2017_06_109
-,Sa-Mo1,Mobile,Course I - Roadmap to Mobile Web Development,http://ibm.biz/ibmskillsacademy,10082,js,nodejs:89,PDF,http://ibm.biz/ibmskillsacademy,Module II - Mobile Development Foundations ,,,,,,2017,6,27,2017_06_110
-,Dw-Mo7,Mobile,Introduction to Jquery mobile,https://www.ibm.com/developerworks/library/wa-jqmobile/index.html,10083,js,nodejs:90,PDF + Zip of souce code,https://www.ibm.com/developerworks/library/wa-jqmobile/index.html,Introduction to jQuery Mobile,,,,,,2017,6,27,2017_06_111
-,Sa-Mo3,Mobile,Course 4 - Developing Mobile Web applications with jQuery,http://ibm.biz/ibmskillsacademy,10084,js,nodejs:91,PDF,http://ibm.biz/ibmskillsacademy,Module II - Mobile Development Foundations ,,,,,,2017,6,27,2017_06_112
-,Dw-Mo8,Mobile,Setting up Xcode for ios development,https://mobilefirstplatform.ibmcloud.com/tutorials/en/foundation/6.3/setting-up-your-development-environment/setting-ios-development-environment/,10085,js,nodejs:92,HTML ,https://mobilefirstplatform.ibmcloud.com/tutorials/en/foundation/6.3/setting-up-your-development-environment/setting-ios-development-environment/,Setting up your iOS development environment,,,,,,2017,6,27,2017_06_113
-,Dw-Mo9,Mobile,Node.js for java,https://www.ibm.com/developerworks/library/j-nodejs/index.html,10086,js,nodejs:93,PDF,https://www.ibm.com/developerworks/library/j-nodejs/index.html,Node.js for Java developers,,,,,,2017,6,27,2017_06_114
-,Dw-Mo10,Mobile,HandsOn: 2 parts for developing with node.js and mongoDB,https://www.ibm.com/developerworks/library/mo-nodejs-1/index.html,10087,js,nodejs:94,PDF,https://www.ibm.com/developerworks/library/mo-nodejs-1/index.html,Developing mobile apps with Node.js and MongoDB,,,,,,2017,6,27,2017_06_115
-,Dw-Mo11,Mobile,We can use the explanation of what are push notifications,https://mobilefirstplatform.ibmcloud.com/tutorials/en/foundation/7.1/notifications/push-notifications-overview/,10088,js,nodejs:95,PDF,https://mobilefirstplatform.ibmcloud.com/tutorials/en/foundation/7.1/notifications/push-notifications-overview/,Push Notifications Overview,,,,,,2017,6,27,2017_06_116
-,Dw-Mo12,Mobile,Native Android mobile applications ,https://www.ibm.com/developerworks/websphere/techjournal/1410_kislicins/1410_kislicins2.html?ca=drs-,10089,js,nodejs:96,PDF,https://www.ibm.com/developerworks/websphere/techjournal/1410_kislicins/1410_kislicins2.html?ca=drs-," Start pushing, Enable push notification subscriptions in your native Android mobile applications ",,,,,,2017,6,27,2017_06_117
-,Dw-Mo13,Mobile,Native iOS mobile applications ,https://www.ibm.com/developerworks/websphere/techjournal/1410_kislicins/1410_kislicins1.html?ca=drs-,10090,js,nodejs:97,PDF,https://www.ibm.com/developerworks/websphere/techjournal/1410_kislicins/1410_kislicins1.html?ca=drs-," Start pushing, Enable push notification subscriptions in your native iOS mobile applications ",,,,,,2017,6,27,2017_06_118
-,Dw-Mo14,Mobile,Second section explains how to use native APIs,https://www.ibm.com/developerworks/websphere/techjournal/1310_amrhein/1310_amrhein.html,10091,js,nodejs:98,PDF,https://www.ibm.com/developerworks/websphere/techjournal/1310_amrhein/1310_amrhein.html,Developing native mobile apps with IBM Worklight,,,,,,2017,6,27,2017_06_119
-,Sa-Mo4,Mobile,Course 1,http://ibm.biz/ibmskillsacademy,10092,js,nodejs:99,PDF,http://ibm.biz/ibmskillsacademy, Module 3 ,,,,,,2017,6,27,2017_06_120
-,Dw-Mo15,Mobile,Video explaining setting up ionic,https://mobilefirstplatform.ibmcloud.com/blog/2016/04/11/getting-started-with-ionic-and-ibm-mobilefirst-platform-foundation-8-0/,10093,js,nodejs:100,PDF,https://mobilefirstplatform.ibmcloud.com/blog/2016/04/11/getting-started-with-ionic-and-ibm-mobilefirst-platform-foundation-8-0/,Getting Started with Ionic and MobileFirst Platform Foundation 8.0 Beta,,,,,,2017,6,27,2017_06_121
-,Dw-Mo16,Mobile,Developing mobile app,https://www.ibm.com/developerworks/cloud/library/cl-develop-angular-ionic-mobile-applications-using-bluemix-push/index.html,10094,js,nodejs:101,PDF,https://www.ibm.com/developerworks/cloud/library/cl-develop-angular-ionic-mobile-applications-using-bluemix-push/index.html,Develop an Angular Ionic mobile app using Bluemix Push services,,,,,,2017,6,27,2017_06_122
-,Dw-Cl1,Cloud,Presentation explaining cloud in general,https://www.ibm.com/developerworks/community/files/basic/anonymous/api/library/fb813514-4e50-45d2-9213-5ff6c21fe4b7/document/2c8ed191-2905-4cdc-9166-f3a60f67ae03/media,10096,js,nodejs:103,PDF,https://www.ibm.com/developerworks/community/files/basic/anonymous/api/library/fb813514-4e50-45d2-9213-5ff6c21fe4b7/document/2c8ed191-2905-4cdc-9166-f3a60f67ae03/media,An Introduction to Cloud Computing,,,,,,2017,6,27,2017_06_124
-,Dw-Cl2,Cloud,Explains Cloud Computing and its deployment models,https://www.ibm.com/developerworks/community/blogs/722f6200-f4ca-4eb3-9d64-8d2b58b2d4e8/entry/4_Types_of_Cloud_Computing_Deployment_Model_You_Need_to_Know1?lang=en_vn,10097,js,nodejs:104,HTML,https://www.ibm.com/developerworks/community/blogs/722f6200-f4ca-4eb3-9d64-8d2b58b2d4e8/entry/4_Types_of_Cloud_Computing_Deployment_Model_You_Need_to_Know1?lang=en_vn,4 Types of Cloud Computing Deployment Model You Need to Know,,,,,,2017,6,27,2017_06_125
-,Dw-Cl3,Cloud,"Introduction, Basic concepts and  cloud architecture",https://www.ibm.com/developerworks/cloud/library/cl-cloud-technology-basics/index.html,10098,js,nodejs:105,PDF,https://www.ibm.com/developerworks/cloud/library/cl-cloud-technology-basics/index.html,IBM cloud technologies: How they all fit together,,,,,,2017,6,27,2017_06_126
-,Rb-cl1,Cloud,Chapter 1 covers cloud computing. ,http://www.redbooks.ibm.com/abstracts/redp4873.html?Open,10099,js,nodejs:106,PDF,http://www.redbooks.ibm.com/abstracts/redp4873.html?Open,"IBM Private, Public, and Hybrid Cloud Storage Solutions",,,,,,2017,6,27,2017_06_127
-,Rb-cl2,Cloud,Unit 1.5 onwards explains what cloud is ,http://www.redbooks.ibm.com/abstracts/sg248350.html?Open,10100,js,nodejs:107,PDF,http://www.redbooks.ibm.com/abstracts/sg248350.html?Open,A Practical Approach to Cloud IaaS with IBM SoftLayer: Presentations Guide,,,,,,2017,6,27,2017_06_128
-,Rb-cl3,Cloud,We could probably use Hybrid integration,http://www.redbooks.ibm.com/abstracts/sg248351.html?Open,10101,js,nodejs:108,PDF,http://www.redbooks.ibm.com/abstracts/sg248351.html?Open,An Architectural and Practical Guide to IBM Hybrid Integration Platform,,,,,,2017,6,27,2017_06_129
-,Rb-cl4,Cloud,"Some interesting content such as explaining cloud to your kid, the different models, cloud security, advantages, etc..",http://www.redbooks.ibm.com/abstracts/redp5179.html?Open,10102,js,nodejs:109,PDF,http://www.redbooks.ibm.com/abstracts/redp5179.html?Open,Cloud Computing Simplified: The Thoughts On Cloud Way,,,,,,2017,6,27,2017_06_130
-,Rb-cl5,Cloud,We could probably use the Big Data on cloud content at a later stage.,http://www.redbooks.ibm.com/abstracts/redp5085.html?Open,10103,js,nodejs:110,PDF,http://www.redbooks.ibm.com/abstracts/redp5085.html?Open,Building Big Data and Analytics Solutions in the Cloud,,,,,,2017,6,27,2017_06_131
-,Rb-cl6,Cloud,Explain cloud computing and benefits to an organization,http://www.redbooks.ibm.com/abstracts/redp4876.html?Open,10104,js,nodejs:111,PDF,http://www.redbooks.ibm.com/abstracts/redp4876.html?Open,Performance and Capacity Themes  for Cloud Computing,,,,,,2017,6,27,2017_06_132
-,Rb-cl7,Cloud,Explains the concept and gives advantages,http://www.redbooks.ibm.com/abstracts/tips1023.html?Open,10105,js,nodejs:112,PDF,http://www.redbooks.ibm.com/abstracts/tips1023.html?Open,Introduction to IBM Technical Computing Clouds,,,,,,2017,6,27,2017_06_133
-,Rb-cl8,Cloud,Busienss Benefits of cloud computing,http://www.redbooks.ibm.com/abstracts/redp4893.html?Open,10106,js,nodejs:113,PDF,http://www.redbooks.ibm.com/abstracts/redp4893.html?Open,IBM SmartCloud: Building a Cloud Enabled Data Center,,,,,,2017,6,27,2017_06_134
-,Rb-cl9,Cloud,Challenges of adopting cloud and the benefits,http://www.redbooks.ibm.com/abstracts/redp4943.html?Open,10107,js,nodejs:114,PDF,http://www.redbooks.ibm.com/abstracts/redp4943.html?Open,Taking Advantage of Cloud Computing to Meet Today's Business Needs,,,,,,2017,6,27,2017_06_135
-,Rb-cl10,Cloud,"Challenges, solving the challenges, attributes, and architecture of Cloud.",http://www.redbooks.ibm.com/abstracts/redp4763.html?Open,10108,js,nodejs:115,PDF,http://www.redbooks.ibm.com/abstracts/redp4763.html?Open,Cloud Computing and the Value of zEnterprise,,,,,,2017,6,27,2017_06_136
-,Rb-cl11,Cloud,"Drivers for a dynamic infrastructure, but outdated data.",http://www.redbooks.ibm.com/abstracts/sg247928.html?Open,10109,js,nodejs:116,PDF,http://www.redbooks.ibm.com/abstracts/sg247928.html?Open,IBM Data Center Networking: Planning for Virtualization and Cloud Computing,,,,,,2017,6,27,2017_06_137
-,Rb-cl12,Cloud,How Cloud can help your Test Environment and improve your ROI,http://www.redbooks.ibm.com/abstracts/redp4553.html?Open,10110,js,nodejs:117,PDF,http://www.redbooks.ibm.com/abstracts/redp4553.html?Open,"Cloud Computing:  Save Time, Money, and  Resources with a Private Test Cloud",,,,,,2017,6,27,2017_06_138
-,SG1,Cloud,"Intro, cloud types, service models",https://www-03.ibm.com/services/learning/ites.wss/zz-en?pageType=course_description&cc=&courseCode=U8CC10G,10111,js,nodejs:118,Global Training Provider,https://www-03.ibm.com/services/learning/ites.wss/zz-en?pageType=course_description&cc=&courseCode=U8CC10G,Introduction to Cloud Computing,,,,,,2017,6,27,2017_06_139
-,Dw-Cl4,Cloud,Explanation of cloud services in details,https://www.ibm.com/developerworks/library/os-cloud-virtual1/index.html,10112,js,nodejs:119,PDF,https://www.ibm.com/developerworks/library/os-cloud-virtual1/index.html,"Cloud services for your virtual infrastructure, Part 1, Infrastructure-as-a-Service (IaaS) and Eucalyptus",,,,,,2017,6,27,2017_06_140
-,Dw-Cl5,Cloud,Explanation of Mobile Cloud Services,https://www.ibm.com/developerworks/community/groups/community/mobilecloudservices,10113,js,nodejs:120,HTML,https://www.ibm.com/developerworks/community/groups/community/mobilecloudservices,Mobile Cloud Services,,,,,,2017,6,27,2017_06_141
-,Dw-Cl6,Cloud,Why services (only this section),https://www.ibm.com/developerworks/cloud/library/cl-bluemix-fundamentals-introducing-cloud-services/index.html?ca=drs-#why,10114,js,nodejs:121,PDF,https://www.ibm.com/developerworks/cloud/library/cl-bluemix-fundamentals-introducing-cloud-services/index.html?ca=drs-#why,Bluemix fundamentals: Add a world of cloud services to your application,,,,,,2017,6,27,2017_06_142
-,Rb-cl13,Cloud,"Talks about the benefits to switching to cloud, and the different services available case scenarios.",http://www.redbooks.ibm.com/abstracts/redp4912.html?Open,10115,js,nodejs:122,PDF,http://www.redbooks.ibm.com/abstracts/redp4912.html?Open,IBM SmartCloud: Becoming a Cloud Service Provider,,,,,,2017,6,27,2017_06_143
-,Rb-cl14,Cloud,Only talks briefly about PaaS from IBM's perspective,http://www.redbooks.ibm.com/abstracts/redp5041.html?Open,10116,js,nodejs:123,PDF,http://www.redbooks.ibm.com/abstracts/redp5041.html?Open,Platform-as-a-Service: An IBM Perspective,,,,,,2017,6,27,2017_06_144
-,Rb-cl15,Cloud,Could be used for Cloudant course later on,http://www.redbooks.ibm.com/abstracts/redp5126.html?Open,10117,js,nodejs:124,PDF,http://www.redbooks.ibm.com/abstracts/redp5126.html?Open,IBM Cloudant:  Database as a Service Fundamentals,,,,,,2017,6,27,2017_06_145
-,Rb-cl16,Cloud,Unit 1.1.1 has content on cloud services,http://www.redbooks.ibm.com/abstracts/sg248019.html?Open,10118,js,nodejs:125,PDF,http://www.redbooks.ibm.com/abstracts/sg248019.html?Open,Virtualized Business Intelligence with InfoSphere Warehouse,,,,,,2017,6,27,2017_06_146
-,Rb-cl17,Cloud,Explains the 3 cloud services and open standards,http://www.redbooks.ibm.com/abstracts/sg248324.html?Open,10119,js,nodejs:126,PDF,http://www.redbooks.ibm.com/abstracts/sg248324.html?Open,Creating IBM z/OS Cloud Services,,,,,,2017,6,27,2017_06_147
-,Rb-cl18,Cloud,Talks about DBaaS,http://www.redbooks.ibm.com/abstracts/tips1187.html?Open,10120,js,nodejs:127,PDF,http://www.redbooks.ibm.com/abstracts/tips1187.html?Open,IBM Cloudant: The Do-More NoSQL Data Layer,,,,,,2017,6,27,2017_06_148
-,Dw-Cl7,Cloud,Compares Cloud and Desktop Applications,https://www.ibm.com/developerworks/cloud/library/cl-cloudordesktop/index.html,10121,js,nodejs:128,PDF,https://www.ibm.com/developerworks/cloud/library/cl-cloudordesktop/index.html,Cloud or desktop? Compare and contrast applications,,,,,,2017,6,27,2017_06_149
-,Rb-cl19,Cloud,Talks more about application integration than cloud applications.,http://www.redbooks.ibm.com/abstracts/redp4674.html?Open,10122,js,nodejs:129,PDF,http://www.redbooks.ibm.com/abstracts/redp4674.html?Open,Connect Cloud and On-premise Applications Using IBM WebSphere Cast Iron Integration,,,,,,2017,6,27,2017_06_150
-,Dw-Cl8,Cloud,On cloud and blumix,https://developer.ibm.com/courses/all/cloud-application-developer-certification-preparation-v2/,10123,js,nodejs:130,Developerworks couse + Labs,https://developer.ibm.com/courses/all/cloud-application-developer-certification-preparation-v2/,Cloud application developer certification preparation,,,,,,2017,6,27,2017_06_151
-,Rb-cl20,Cloud,Good content on microservices,http://www.redbooks.ibm.com/abstracts/sg248358.html?Open,10124,js,nodejs:131,PDF,http://www.redbooks.ibm.com/abstracts/sg248358.html?Open,Evolve the Monolith to Microservices with Java and Node,,,,,,2017,6,27,2017_06_152
-,Rb-cl21,Cloud,Section 1.4.2 talks about bluemix and how It's related to openstck,http://www.redbooks.ibm.com/abstracts/redp5352.html?Open,10125,js,nodejs:132,PDF,http://www.redbooks.ibm.com/abstracts/redp5352.html?Open,Automated Application Delivery with OpenStack Heat Patterns,,,,,,2017,6,27,2017_06_153
-,Rb-cl22,Cloud,"There is a very small section on bluemix, the rest talks about WAS on Cloud and how it works",http://www.redbooks.ibm.com/abstracts/redp5360.html?Open,10126,js,nodejs:133,PDF,http://www.redbooks.ibm.com/abstracts/redp5360.html?Open,Reduce Costs and Speed Your Digital Transformation with IBM WebSphere Application Server on Cloud,,,,,,2017,6,27,2017_06_154
-,Rb-cl23,Cloud,Section 8.1 has a Bluemix overview and how it works.,http://www.redbooks.ibm.com/abstracts/sg248242.html?Open,10127,js,nodejs:134,PDF,http://www.redbooks.ibm.com/abstracts/sg248242.html?Open,Cloud Security Guidelines for IBM Power Systems,,,,,,2017,6,27,2017_06_155
-,Rb-cl24,Cloud,Talks about microservices ,http://www.redbooks.ibm.com/abstracts/sg248358.html?Open,10128,js,nodejs:135,PDF,http://www.redbooks.ibm.com/abstracts/sg248358.html?Open,Evolve the Monolith to Microservices with Java and Node,,,,,,2017,6,27,2017_06_156
-,Rb-cl25,Cloud,Bluemix course that we deliver as part of the skills academy already,http://www.redbooks.ibm.com/abstracts/sg248374.html?Open,10129,js,nodejs:136,PDF,http://www.redbooks.ibm.com/abstracts/sg248374.html?Open,Essentials of Cloud Application Development on IBM Bluemix,,,,,,2017,6,27,2017_06_157
-,Rb-cl26,Cloud,Bluemix introduction and architecture overview,http://www.redbooks.ibm.com/abstracts/redp5181.html?Open,10130,js,nodejs:137,PDF,http://www.redbooks.ibm.com/abstracts/redp5181.html?Open,IBM Bluemix Architecture Series: Web Application Hosting on IBM Containers,,,,,,2017,6,27,2017_06_158
-,Rb-cl27,Cloud,Bluemix introduction and architecture overview,http://www.redbooks.ibm.com/abstracts/redp5184.html?Open,10131,js,nodejs:138,PDF,http://www.redbooks.ibm.com/abstracts/redp5184.html?Open,IBM Bluemix Architecture Series: Web Application Hosting on Java Liberty,,,,,,2017,6,27,2017_06_159
-,Rb-cl28,Cloud,"Good conent on Bluemix, services, and architecture",http://www.redbooks.ibm.com/abstracts/redp5242.html?Open,10132,js,nodejs:139,PDF,http://www.redbooks.ibm.com/abstracts/redp5242.html?Open,IBM Bluemix The Cloud Platform for Creating and Delivering Applications,,,,,,2017,6,27,2017_06_160
-,Rb-cl29,Cloud,Very marketing like,http://www.redbooks.ibm.com/abstracts/redp5270.html?Open,10133,js,nodejs:140,PDF,http://www.redbooks.ibm.com/abstracts/redp5270.html?Open,Creating Hybrid Clouds with IBM Bluemix Integration Services,,,,,,2017,6,27,2017_06_161
-,Rb-cl30,Cloud,Gets too technical,http://www.redbooks.ibm.com/abstracts/redp5271.html?Open,10134,js,nodejs:141,PDF,http://www.redbooks.ibm.com/abstracts/redp5271.html?Open,Creating Applications in Bluemix Using the Microservices Approach,,,,,,2017,6,27,2017_06_162
-,Rb-cl31,Cloud,Talks about microservices ,http://www.redbooks.ibm.com/abstracts/sg248275.html?Open,10135,js,nodejs:142,PDF,http://www.redbooks.ibm.com/abstracts/sg248275.html?Open,Microservices from Theory to Practice: Creating Applications in IBM Bluemix Using the Microservices Approach,,,,,,2017,6,27,2017_06_163
-,Dw-Cl9,Cloud,"Can use the second heading ""What is Cloud Foundry?""",https://www.ibm.com/developerworks/cloud/library/cl-bluemixfoundry/index.html,10136,js,nodejs:143,HTML,https://www.ibm.com/developerworks/cloud/library/cl-bluemixfoundry/index.html,What is IBM Bluemix?,,,,,,2017,6,27,2017_06_164
-,Rb-cl32,Cloud,"Mentions what Cloud Foundry is, but we need more information",http://www.redbooks.ibm.com/abstracts/sg248374.html?Open,10137,js,nodejs:144,PDF,http://www.redbooks.ibm.com/abstracts/sg248374.html?Open,Essentials of Cloud Application Development on IBM Bluemix,,,,,,2017,6,27,2017_06_165
-,Rb-cl33,Cloud,"Mentions Cloud Foundry throughout, but no thorough explanation",http://www.redbooks.ibm.com/abstracts/tips1280.html?Open,10138,js,nodejs:145,PDF,http://www.redbooks.ibm.com/abstracts/tips1280.html?Open,Getting Started with IBM Bluemix: Web Application Hosting Scenario on Java Liberty ,,,,,,2017,6,27,2017_06_166
-,Dw-Cl10,Cloud,Explains Devops in detail,https://www.ibm.com/developerworks/community/files/basic/anonymous/api/library/36ed35f5-2b62-4317-95eb-8cb3fdcfc10f/document/a1dd6f61-8e49-4aa0-813c-5512fee8f7d3/media,10139,js,nodejs:146,PDF,https://www.ibm.com/developerworks/community/files/basic/anonymous/api/library/36ed35f5-2b62-4317-95eb-8cb3fdcfc10f/document/a1dd6f61-8e49-4aa0-813c-5512fee8f7d3/media,DevOps for Dummies,,,,,,2017,6,27,2017_06_167
-,Dw-Cl11,Cloud,Hands on - DevOps Services,https://www.ibm.com/developerworks/library/d-bluemix-devops-services-project/index.html,10140,js,nodejs:147,HTML,https://www.ibm.com/developerworks/library/d-bluemix-devops-services-project/index.html,Develop apps in the cloud with DevOps Services,,,,,,2017,6,27,2017_06_168
-,Rb-cl34,Cloud,Very short description of DevOps,http://www.redbooks.ibm.com/abstracts/redp5041.html?Open,10141,js,nodejs:148,PDF,http://www.redbooks.ibm.com/abstracts/redp5041.html?Open,Platform-as-a-Service: An IBM Perspective,,,,,,2017,6,27,2017_06_169
-,Rb-cl35,Cloud,Mentions DevOps but doesn't thoroughly explain what it is,http://www.redbooks.ibm.com/abstracts/redp5179.html?Open,10142,js,nodejs:149,PDF,http://www.redbooks.ibm.com/abstracts/redp5179.html?Open,Cloud Computing Simplified: The Thoughts On Cloud Way,,,,,,2017,6,27,2017_06_170
-,Rb-cl36,Cloud,Explains what DevOps is and gives benefits,http://www.redbooks.ibm.com/abstracts/redp5269.html?Open,10143,js,nodejs:150,PDF,http://www.redbooks.ibm.com/abstracts/redp5269.html?Open,Liberty in a DevOps Continuous Delivery Environment,,,,,,2017,6,27,2017_06_171
-,Rb-cl37,Cloud,Explains what DevOps is and why you should use it,http://www.redbooks.ibm.com/abstracts/sg248275.html?Open,10144,js,nodejs:151,PDF,http://www.redbooks.ibm.com/abstracts/sg248275.html?Open,Microservices from Theory to Practice: Creating Applications in IBM Bluemix Using the Microservices Approach,,,,,,2017,6,27,2017_06_172
-,Rb-cl38,Cloud,Defines DevOps and it's architecture,http://www.redbooks.ibm.com/abstracts/sg248286.html?Open,10145,js,nodejs:152,PDF,http://www.redbooks.ibm.com/abstracts/sg248286.html?Open,"Using Liberty for DevOps, Continuous Delivery, and Deployment",,,,,,2017,6,27,2017_06_173
-,Rb-cl39,Cloud,Outlines the benefits of DevOps,http://www.redbooks.ibm.com/abstracts/sg248339.html?Open,10146,js,nodejs:153,PDF,http://www.redbooks.ibm.com/abstracts/sg248339.html?Open,CICS and DevOps: What You Need to Know,,,,,,2017,6,27,2017_06_174
-,Rb-cl40,Cloud,What's DevOps and some case examples,http://www.redbooks.ibm.com/abstracts/sg248358.html?Open,10147,js,nodejs:154,PDF,http://www.redbooks.ibm.com/abstracts/sg248358.html?Open,Evolve the Monolith to Microservices with Java and Node,,,,,,2017,6,27,2017_06_175
-,Rb-cl41,Cloud,Defines DevOps and gives examples.,http://www.redbooks.ibm.com/abstracts/sg248374.html?Open,10148,js,nodejs:155,PDF,http://www.redbooks.ibm.com/abstracts/sg248374.html?Open,Essentials of Cloud Application Development on IBM Bluemix,,,,,,2017,6,27,2017_06_176
-,Dw-Cl12,Cloud,Explains what the deployment models are and how to choose them,https://www.ibm.com/developerworks/cloud/library/cl-best-practices-deploying-apps-in-cloud/index.html,10149,js,nodejs:156,PDF,https://www.ibm.com/developerworks/cloud/library/cl-best-practices-deploying-apps-in-cloud/index.html,Best practices for deploying your apps in the cloud,,,,,,2017,6,27,2017_06_177
-,Dw-Cl13,Cloud,Testing in an efficient manner,https://www.ibm.com/developerworks/community/blogs/invisiblethread/entry/How_to_do_more_timely_and_easy_performance_testing_cloud?lang=en_vn,10150,js,nodejs:157,HTML ,https://www.ibm.com/developerworks/community/blogs/invisiblethread/entry/How_to_do_more_timely_and_easy_performance_testing_cloud?lang=en_vn,How to do more timely and easy performance testing: cloud,,,,,,2017,6,27,2017_06_178
-,Rb-Co1,Cognitive,Overview of Watson services and solutions,https://www.youtube.com/playlist?list=PLnJzIOiv6cVTaS8k90R3T9AlS_kf5XWmX,10152,js,nodejs:159,PDF,https://www.youtube.com/playlist?list=PLnJzIOiv6cVTaS8k90R3T9AlS_kf5XWmX,Zero to Cognitive with IBM Distinguished Engineer Bob Dill,,,,,,2017,6,27,2017_06_180
-,Rb-Co2,Cognitive,Introduction to Watson and APIs/Services offered,http://www.redbooks.ibm.com/abstracts/sg248387.html?Open,10153,js,nodejs:160,PDF,http://www.redbooks.ibm.com/abstracts/sg248387.html?Open,Building Cognitive Applications with IBM Watson Services: Volume 1 Getting Started,,,,,,2017,6,27,2017_06_181
-,Rb-Co3,Cognitive,Case studies with Watson,http://www.redbooks.ibm.com/abstracts/redp5185.html?Open,10154,js,nodejs:161,PDF,http://www.redbooks.ibm.com/abstracts/redp5185.html?Open,Smart Grid Cyber Health Assessment in a Big Bad Data World,,,,,,2017,6,27,2017_06_182
-,Rb-Co4,Cognitive,How watson can help with serious games,http://www.redbooks.ibm.com/abstracts/redp5128.html?Open,10155,js,nodejs:162,PDF,http://www.redbooks.ibm.com/abstracts/redp5128.html?Open,Wargames Powered by IBM Watson: Multiplayer Real-Time Strategy in 4D,,,,,,2017,6,27,2017_06_183
-,Rb-Co5,Cognitive,Overview of AI and machine learning,http://www.redbooks.ibm.com/abstracts/redp4974.html?Open,10156,js,nodejs:163,PDF,http://www.redbooks.ibm.com/abstracts/redp4974.html?Open,Artificial Intelligence: Learning Through Interactions and Big Data,,,,,,2017,6,27,2017_06_184
-,Rb-Co6,Cognitive,Explains Watson in detail and why it is needed,http://www.redbooks.ibm.com/abstracts/redp4955.html?Open,10157,js,nodejs:164,PDF,http://www.redbooks.ibm.com/abstracts/redp4955.html?Open,The Era of Cognitive Systems: An Inside Look at IBM Watson and How it Works,,,,,,2017,6,27,2017_06_185
-,Rb-Co7,Cognitive,How Watson works in answering questions,http://www.redbooks.ibm.com/abstracts/redp4961.html?Open,10158,js,nodejs:165,PDF,http://www.redbooks.ibm.com/abstracts/redp4961.html?Open,Transforming the Way Organizations Think with Cognitive Systems,,,,,,2017,6,27,2017_06_186
-,Dw-Co1,Cognitive,What is watson ?,https://developer.ibm.com/watson/blog/2016/01/07/getting-started-with-watson/,10159,js,nodejs:166,HTML,https://developer.ibm.com/watson/blog/2016/01/07/getting-started-with-watson/,Getting Started with Watson,,,,,,2017,6,27,2017_06_187
-,Rb-Co8,Cognitive,Only has an exercise on IoT. No defition,http://www.redbooks.ibm.com/abstracts/sg248394.html?Open,10160,js,nodejs:167,PDF,http://www.redbooks.ibm.com/abstracts/sg248394.html?Open,Building Cognitive Applications with IBM Watson Services: Volume 2 Conversation,,,,,,2017,6,27,2017_06_188
-,Rb-Co9,Cognitive,Only has an advanced exercise on IoT. No defition,http://www.redbooks.ibm.com/abstracts/sg248281.html?Open,10161,js,nodejs:168,PDF,http://www.redbooks.ibm.com/abstracts/sg248281.html?Open,Hybrid Cloud Event Integration: Integrate Your Enterprise and Cloud with Bluemix Integration Services,,,,,,2017,6,27,2017_06_189
-,Rb-Co10,Cognitive,Definition and examples,http://www.redbooks.ibm.com/abstracts/sg248293.html?Open,10162,js,nodejs:169,PDF,http://www.redbooks.ibm.com/abstracts/sg248293.html?Open,Systems of Insight for Digital Transformation: Using IBM Operational Decision Manager Advanced and Predictive Analytics,,,,,,2017,6,27,2017_06_190
-,Rb-Co11,Cognitive,Brief explanation of IoT,http://www.redbooks.ibm.com/abstracts/redp5179.html?Open,10163,js,nodejs:170,PDF,http://www.redbooks.ibm.com/abstracts/redp5179.html?Open,Cloud Computing Simplified: The Thoughts On Cloud Way,,,,,,2017,6,27,2017_06_191
-,Rb-Co12,Cognitive,Good introduction to IoT with examples,http://www.redbooks.ibm.com/abstracts/redp4975.html?Open,10164,js,nodejs:171,PDF,http://www.redbooks.ibm.com/abstracts/redp4975.html?Open,The Interconnecting of Everything,,,,,,2017,6,27,2017_06_192
-,Rb-Co13,Cognitive,Explanation and use case scenario,http://www.redbooks.ibm.com/abstracts/sg248385.html?Open,10165,js,nodejs:172,PDF,http://www.redbooks.ibm.com/abstracts/sg248385.html?Open,"Cloud Object Storage as a Service: IBM Cloud Object Storage from Theory to Practice - For developers, IT architects and IT specialists",,,,,,2017,6,27,2017_06_193
-,Dw-Co2,Cognitive,Explains IOT,https://www.ibm.com/developerworks/community/files/basic/anonymous/api/library/58ffa024-61c5-447c-b28f-00bc287ee095/document/a9f0af7a-db6a-4d92-9f23-4cec52e2605f/media/Informix%20-%20The%20Intelligent%20Database%20for%20IoT.pdf,10166,js,nodejs:173,PDF,https://www.ibm.com/developerworks/community/files/basic/anonymous/api/library/58ffa024-61c5-447c-b28f-00bc287ee095/document/a9f0af7a-db6a-4d92-9f23-4cec52e2605f/media/Informix%20-%20The%20Intelligent%20Database%20for%20IoT.pdf,Informix – The Intelligent Database for IoT,,,,,,2017,6,27,2017_06_194
-,Dw-Co3,Cognitive,IOT Development basics,https://www.ibm.com/developerworks/library/iot-lp101-quick-start-guide-iot-developers/index.html,10167,js,nodejs:174,PDF,https://www.ibm.com/developerworks/library/iot-lp101-quick-start-guide-iot-developers/index.html,IoT 101: Getting started with IoT development,,,,,,2017,6,27,2017_06_195
-,Rb-Co14,Cognitive,Just an exercice for Natural Language Classifier,http://www.redbooks.ibm.com/abstracts/sg248391.html?Open,10168,js,nodejs:175,PDF,http://www.redbooks.ibm.com/abstracts/sg248391.html?Open,Building Cognitive Applications with IBM Watson Services: Volume 4 Natural Language Classifier,,,,,,2017,6,27,2017_06_196
-,Rb-Co15,Cognitive,Explains what NLU is with some exrcises,http://www.redbooks.ibm.com/abstracts/sg248398.html?Open,10169,js,nodejs:176,PDF,http://www.redbooks.ibm.com/abstracts/sg248398.html?Open,Building Cognitive Applications with IBM Watson Services: Volume 7 Natural Language Understanding,,,,,,2017,6,27,2017_06_197
-,Rb-Co16,Cognitive,Explains what NLU is with some exrcises,http://www.redbooks.ibm.com/abstracts/sg248398.html?Open,10170,js,nodejs:177,PDF,http://www.redbooks.ibm.com/abstracts/sg248398.html?Open,Building Cognitive Applications with IBM Watson Services: Volume 7 Natural Language Understanding,,,,,,2017,6,27,2017_06_198